,sum_sq,df,F,PR(>F),eta_sq
C(Complexity),6.006062810048939,1.0,13.413867259994383,0.0002507177142439385,0.0009844018676273812
Residual,6095.224549972953,13613.0,,,
