,sum_sq,df,F,PR(>F),eta_sq
C(Valence),319.80037341620243,1.0,753.0044129342582,2.108817297808899e-161,0.052415716387800904
Residual,5781.430239366798,13613.0,,,
